Country Name,Country Code,Indicator Name,Indicator Code,1960,1961,1962,1963,1964,1965,1966,1967,1968,1969,1970,1971,1972,1973,1974,1975,1976,1977,1978,1979,1980,1981,1982,1983,1984,1985,1986,1987,1988,1989,1990,1991,1992,1993,1994,1995,1996,1997,1998,1999,2000,2001,2002,2003,2004,2005,2006,2007,2008,2009,2010,2011,2012
Afghanistan,AFG,Access to electricity (% of population),EG.ELC.ACCS.ZS,,,,,,,,,,,,,,,,,,,,,,,,,,,,,,,,,,,,,,,,,,,,,,,,,,1.56000000000000E+01,,,
Albania,ALB,Access to electricity (% of population),EG.ELC.ACCS.ZS,,,,,,,,,,,,,,,,,,,,,,,,,,,,,,,,,,,,,,,,,,,,,,,,,,,,,
Algeria,DZA,Access to electricity (% of population),EG.ELC.ACCS.ZS,,,,,,,,,,,,,,,,,,,,,,,,,,,,,,,,,,,,,,,,,,,,,,,,,,9.93000000000000E+01,,,
American Samoa,ASM,Access to electricity (% of population),EG.ELC.ACCS.ZS,,,,,,,,,,,,,,,,,,,,,,,,,,,,,,,,,,,,,,,,,,,,,,,,,,,,,
Andorra,ADO,Access to electricity (% of population),EG.ELC.ACCS.ZS,,,,,,,,,,,,,,,,,,,,,,,,,,,,,,,,,,,,,,,,,,,,,,,,,,,,,
Angola,AGO,Access to electricity (% of population),EG.ELC.ACCS.ZS,,,,,,,,,,,,,,,,,,,,,,,,,,,,,,,,,,,,,,,,,,,,,,,,,,2.62000000000000E+01,,,
Antigua and Barbuda,ATG,Access to electricity (% of population),EG.ELC.ACCS.ZS,,,,,,,,,,,,,,,,,,,,,,,,,,,,,,,,,,,,,,,,,,,,,,,,,,,,,
Arab World,ARB,Access to electricity (% of population),EG.ELC.ACCS.ZS,,,,,,,,,,,,,,,,,,,,,,,,,,,,,,,,,,,,,,,,,,,,,,,,,,8.66701819854233E+01,,,
Argentina,ARG,Access to electricity (% of population),EG.ELC.ACCS.ZS,,,,,,,,,,,,,,,,,,,,,,,,,,,,,,,,,,,,,,,,,,,,,,,,,,9.72000000000000E+01,,,
Armenia,ARM,Access to electricity (% of population),EG.ELC.ACCS.ZS,,,,,,,,,,,,,,,,,,,,,,,,,,,,,,,,,,,,,,,,,,,,,,,,,,,,,
Aruba,ABW,Access to electricity (% of population),EG.ELC.ACCS.ZS,,,,,,,,,,,,,,,,,,,,,,,,,,,,,,,,,,,,,,,,,,,,,,,,,,,,,
Australia,AUS,Access to electricity (% of population),EG.ELC.ACCS.ZS,,,,,,,,,,,,,,,,,,,,,,,,,,,,,,,,,,,,,,,,,,,,,,,,,,,,,
Austria,AUT,Access to electricity (% of population),EG.ELC.ACCS.ZS,,,,,,,,,,,,,,,,,,,,,,,,,,,,,,,,,,,,,,,,,,,,,,,,,,,,,
Azerbaijan,AZE,Access to electricity (% of population),EG.ELC.ACCS.ZS,,,,,,,,,,,,,,,,,,,,,,,,,,,,,,,,,,,,,,,,,,,,,,,,,,,,,
"Bahamas, The",BHS,Access to electricity (% of population),EG.ELC.ACCS.ZS,,,,,,,,,,,,,,,,,,,,,,,,,,,,,,,,,,,,,,,,,,,,,,,,,,,,,
Bahrain,BHR,Access to electricity (% of population),EG.ELC.ACCS.ZS,,,,,,,,,,,,,,,,,,,,,,,,,,,,,,,,,,,,,,,,,,,,,,,,,,9.94000000000000E+01,,,
Bangladesh,BGD,Access to electricity (% of population),EG.ELC.ACCS.ZS,,,,,,,,,,,,,,,,,,,,,,,,,,,,,,,,,,,,,,,,,,,,,,,,,,4.10000000000000E+01,,,
Barbados,BRB,Access to electricity (% of population),EG.ELC.ACCS.ZS,,,,,,,,,,,,,,,,,,,,,,,,,,,,,,,,,,,,,,,,,,,,,,,,,,,,,
Belarus,BLR,Access to electricity (% of population),EG.ELC.ACCS.ZS,,,,,,,,,,,,,,,,,,,,,,,,,,,,,,,,,,,,,,,,,,,,,,,,,,,,,
Belgium,BEL,Access to electricity (% of population),EG.ELC.ACCS.ZS,,,,,,,,,,,,,,,,,,,,,,,,,,,,,,,,,,,,,,,,,,,,,,,,,,,,,
Belize,BLZ,Access to electricity (% of population),EG.ELC.ACCS.ZS,,,,,,,,,,,,,,,,,,,,,,,,,,,,,,,,,,,,,,,,,,,,,,,,,,,,,
Benin,BEN,Access to electricity (% of population),EG.ELC.ACCS.ZS,,,,,,,,,,,,,,,,,,,,,,,,,,,,,,,,,,,,,,,,,,,,,,,,,,2.48000000000000E+01,,,
Bermuda,BMU,Access to electricity (% of population),EG.ELC.ACCS.ZS,,,,,,,,,,,,,,,,,,,,,,,,,,,,,,,,,,,,,,,,,,,,,,,,,,,,,
Bhutan,BTN,Access to electricity (% of population),EG.ELC.ACCS.ZS,,,,,,,,,,,,,,,,,,,,,,,,,,,,,,,,,,,,,,,,,,,,,,,,,,,,,
Bolivia,BOL,Access to electricity (% of population),EG.ELC.ACCS.ZS,,,,,,,,,,,,,,,,,,,,,,,,,,,,,,,,,,,,,,,,,,,,,,,,,,7.75000000000000E+01,,,
Bosnia and Herzegovina,BIH,Access to electricity (% of population),EG.ELC.ACCS.ZS,,,,,,,,,,,,,,,,,,,,,,,,,,,,,,,,,,,,,,,,,,,,,,,,,,,,,
Botswana,BWA,Access to electricity (% of population),EG.ELC.ACCS.ZS,,,,,,,,,,,,,,,,,,,,,,,,,,,,,,,,,,,,,,,,,,,,,,,,,,4.54000000000000E+01,,,
Brazil,BRA,Access to electricity (% of population),EG.ELC.ACCS.ZS,,,,,,,,,,,,,,,,,,,,,,,,,,,,,,,,,,,,,,,,,,,,,,,,,,9.83000000000000E+01,,,
Brunei Darussalam,BRN,Access to electricity (% of population),EG.ELC.ACCS.ZS,,,,,,,,,,,,,,,,,,,,,,,,,,,,,,,,,,,,,,,,,,,,,,,,,,9.97000000000000E+01,,,
Bulgaria,BGR,Access to electricity (% of population),EG.ELC.ACCS.ZS,,,,,,,,,,,,,,,,,,,,,,,,,,,,,,,,,,,,,,,,,,,,,,,,,,,,,
Burkina Faso,BFA,Access to electricity (% of population),EG.ELC.ACCS.ZS,,,,,,,,,,,,,,,,,,,,,,,,,,,,,,,,,,,,,,,,,,,,,,,,,,1.46000000000000E+01,,,
Burundi,BDI,Access to electricity (% of population),EG.ELC.ACCS.ZS,,,,,,,,,,,,,,,,,,,,,,,,,,,,,,,,,,,,,,,,,,,,,,,,,,,,,
Cambodia,KHM,Access to electricity (% of population),EG.ELC.ACCS.ZS,,,,,,,,,,,,,,,,,,,,,,,,,,,,,,,,,,,,,,,,,,,,,,,,,,2.40000000000000E+01,,,
Cameroon,CMR,Access to electricity (% of population),EG.ELC.ACCS.ZS,,,,,,,,,,,,,,,,,,,,,,,,,,,,,,,,,,,,,,,,,,,,,,,,,,4.87000000000000E+01,,,
Canada,CAN,Access to electricity (% of population),EG.ELC.ACCS.ZS,,,,,,,,,,,,,,,,,,,,,,,,,,,,,,,,,,,,,,,,,,,,,,,,,,,,,
Cape Verde,CPV,Access to electricity (% of population),EG.ELC.ACCS.ZS,,,,,,,,,,,,,,,,,,,,,,,,,,,,,,,,,,,,,,,,,,,,,,,,,,,,,
Caribbean small states,CSS,Access to electricity (% of population),EG.ELC.ACCS.ZS,,,,,,,,,,,,,,,,,,,,,,,,,,,,,,,,,,,,,,,,,,,,,,,,,,,,,
Cayman Islands,CYM,Access to electricity (% of population),EG.ELC.ACCS.ZS,,,,,,,,,,,,,,,,,,,,,,,,,,,,,,,,,,,,,,,,,,,,,,,,,,,,,
Central African Republic,CAF,Access to electricity (% of population),EG.ELC.ACCS.ZS,,,,,,,,,,,,,,,,,,,,,,,,,,,,,,,,,,,,,,,,,,,,,,,,,,,,,
Chad,TCD,Access to electricity (% of population),EG.ELC.ACCS.ZS,,,,,,,,,,,,,,,,,,,,,,,,,,,,,,,,,,,,,,,,,,,,,,,,,,,,,
Channel Islands,CHI,Access to electricity (% of population),EG.ELC.ACCS.ZS,,,,,,,,,,,,,,,,,,,,,,,,,,,,,,,,,,,,,,,,,,,,,,,,,,,,,
Chile,CHL,Access to electricity (% of population),EG.ELC.ACCS.ZS,,,,,,,,,,,,,,,,,,,,,,,,,,,,,,,,,,,,,,,,,,,,,,,,,,9.85000000000000E+01,,,
China,CHN,Access to electricity (% of population),EG.ELC.ACCS.ZS,,,,,,,,,,,,,,,,,,,,,,,,,,,,,,,,,,,,,,,,,,,,,,,,,,9.94000000000000E+01,,,
Colombia,COL,Access to electricity (% of population),EG.ELC.ACCS.ZS,,,,,,,,,,,,,,,,,,,,,,,,,,,,,,,,,,,,,,,,,,,,,,,,,,9.36000000000000E+01,,,
Comoros,COM,Access to electricity (% of population),EG.ELC.ACCS.ZS,,,,,,,,,,,,,,,,,,,,,,,,,,,,,,,,,,,,,,,,,,,,,,,,,,,,,
"Congo, Dem. Rep.",ZAR,Access to electricity (% of population),EG.ELC.ACCS.ZS,,,,,,,,,,,,,,,,,,,,,,,,,,,,,,,,,,,,,,,,,,,,,,,,,,1.11000000000000E+01,,,
"Congo, Rep.",COG,Access to electricity (% of population),EG.ELC.ACCS.ZS,,,,,,,,,,,,,,,,,,,,,,,,,,,,,,,,,,,,,,,,,,,,,,,,,,3.71000000000000E+01,,,
Costa Rica,CRI,Access to electricity (% of population),EG.ELC.ACCS.ZS,,,,,,,,,,,,,,,,,,,,,,,,,,,,,,,,,,,,,,,,,,,,,,,,,,9.93000000000000E+01,,,
Cote d'Ivoire,CIV,Access to electricity (% of population),EG.ELC.ACCS.ZS,,,,,,,,,,,,,,,,,,,,,,,,,,,,,,,,,,,,,,,,,,,,,,,,,,4.73000000000000E+01,,,
Croatia,HRV,Access to electricity (% of population),EG.ELC.ACCS.ZS,,,,,,,,,,,,,,,,,,,,,,,,,,,,,,,,,,,,,,,,,,,,,,,,,,,,,
Cuba,CUB,Access to electricity (% of population),EG.ELC.ACCS.ZS,,,,,,,,,,,,,,,,,,,,,,,,,,,,,,,,,,,,,,,,,,,,,,,,,,9.70000000000000E+01,,,
Curacao,CUW,Access to electricity (% of population),EG.ELC.ACCS.ZS,,,,,,,,,,,,,,,,,,,,,,,,,,,,,,,,,,,,,,,,,,,,,,,,,,,,,
Cyprus,CYP,Access to electricity (% of population),EG.ELC.ACCS.ZS,,,,,,,,,,,,,,,,,,,,,,,,,,,,,,,,,,,,,,,,,,,,,,,,,,,,,
Czech Republic,CZE,Access to electricity (% of population),EG.ELC.ACCS.ZS,,,,,,,,,,,,,,,,,,,,,,,,,,,,,,,,,,,,,,,,,,,,,,,,,,,,,
Denmark,DNK,Access to electricity (% of population),EG.ELC.ACCS.ZS,,,,,,,,,,,,,,,,,,,,,,,,,,,,,,,,,,,,,,,,,,,,,,,,,,,,,
Djibouti,DJI,Access to electricity (% of population),EG.ELC.ACCS.ZS,,,,,,,,,,,,,,,,,,,,,,,,,,,,,,,,,,,,,,,,,,,,,,,,,,,,,
Dominica,DMA,Access to electricity (% of population),EG.ELC.ACCS.ZS,,,,,,,,,,,,,,,,,,,,,,,,,,,,,,,,,,,,,,,,,,,,,,,,,,,,,
Dominican Republic,DOM,Access to electricity (% of population),EG.ELC.ACCS.ZS,,,,,,,,,,,,,,,,,,,,,,,,,,,,,,,,,,,,,,,,,,,,,,,,,,9.59000000000000E+01,,,
East Asia & Pacific (all income levels),EAS,Access to electricity (% of population),EG.ELC.ACCS.ZS,,,,,,,,,,,,,,,,,,,,,,,,,,,,,,,,,,,,,,,,,,,,,,,,,,9.08942759334622E+01,,,
East Asia & Pacific (developing only),EAP,Access to electricity (% of population),EG.ELC.ACCS.ZS,,,,,,,,,,,,,,,,,,,,,,,,,,,,,,,,,,,,,,,,,,,,,,,,,,9.07725932837728E+01,,,
Ecuador,ECU,Access to electricity (% of population),EG.ELC.ACCS.ZS,,,,,,,,,,,,,,,,,,,,,,,,,,,,,,,,,,,,,,,,,,,,,,,,,,9.22000000000000E+01,,,
"Egypt, Arab Rep.",EGY,Access to electricity (% of population),EG.ELC.ACCS.ZS,,,,,,,,,,,,,,,,,,,,,,,,,,,,,,,,,,,,,,,,,,,,,,,,,,9.96000000000000E+01,,,
El Salvador,SLV,Access to electricity (% of population),EG.ELC.ACCS.ZS,,,,,,,,,,,,,,,,,,,,,,,,,,,,,,,,,,,,,,,,,,,,,,,,,,8.64000000000000E+01,,,
Equatorial Guinea,GNQ,Access to electricity (% of population),EG.ELC.ACCS.ZS,,,,,,,,,,,,,,,,,,,,,,,,,,,,,,,,,,,,,,,,,,,,,,,,,,,,,
Eritrea,ERI,Access to electricity (% of population),EG.ELC.ACCS.ZS,,,,,,,,,,,,,,,,,,,,,,,,,,,,,,,,,,,,,,,,,,,,,,,,,,3.20000000000000E+01,,,
Estonia,EST,Access to electricity (% of population),EG.ELC.ACCS.ZS,,,,,,,,,,,,,,,,,,,,,,,,,,,,,,,,,,,,,,,,,,,,,,,,,,,,,
Ethiopia,ETH,Access to electricity (% of population),EG.ELC.ACCS.ZS,,,,,,,,,,,,,,,,,,,,,,,,,,,,,,,,,,,,,,,,,,,,,,,,,,1.70000000000000E+01,,,
Euro area,EMU,Access to electricity (% of population),EG.ELC.ACCS.ZS,,,,,,,,,,,,,,,,,,,,,,,,,,,,,,,,,,,,,,,,,,,,,,,,,,,,,
Europe & Central Asia (all income levels),ECS,Access to electricity (% of population),EG.ELC.ACCS.ZS,,,,,,,,,,,,,,,,,,,,,,,,,,,,,,,,,,,,,,,,,,,,,,,,,,,,,
Europe & Central Asia (developing only),ECA,Access to electricity (% of population),EG.ELC.ACCS.ZS,,,,,,,,,,,,,,,,,,,,,,,,,,,,,,,,,,,,,,,,,,,,,,,,,,,,,
European Union,EUU,Access to electricity (% of population),EG.ELC.ACCS.ZS,,,,,,,,,,,,,,,,,,,,,,,,,,,,,,,,,,,,,,,,,,,,,,,,,,,,,
Faeroe Islands,FRO,Access to electricity (% of population),EG.ELC.ACCS.ZS,,,,,,,,,,,,,,,,,,,,,,,,,,,,,,,,,,,,,,,,,,,,,,,,,,,,,
Fiji,FJI,Access to electricity (% of population),EG.ELC.ACCS.ZS,,,,,,,,,,,,,,,,,,,,,,,,,,,,,,,,,,,,,,,,,,,,,,,,,,,,,
Finland,FIN,Access to electricity (% of population),EG.ELC.ACCS.ZS,,,,,,,,,,,,,,,,,,,,,,,,,,,,,,,,,,,,,,,,,,,,,,,,,,,,,
France,FRA,Access to electricity (% of population),EG.ELC.ACCS.ZS,,,,,,,,,,,,,,,,,,,,,,,,,,,,,,,,,,,,,,,,,,,,,,,,,,,,,
French Polynesia,PYF,Access to electricity (% of population),EG.ELC.ACCS.ZS,,,,,,,,,,,,,,,,,,,,,,,,,,,,,,,,,,,,,,,,,,,,,,,,,,,,,
Gabon,GAB,Access to electricity (% of population),EG.ELC.ACCS.ZS,,,,,,,,,,,,,,,,,,,,,,,,,,,,,,,,,,,,,,,,,,,,,,,,,,3.67000000000000E+01,,,
"Gambia, The",GMB,Access to electricity (% of population),EG.ELC.ACCS.ZS,,,,,,,,,,,,,,,,,,,,,,,,,,,,,,,,,,,,,,,,,,,,,,,,,,,,,
Georgia,GEO,Access to electricity (% of population),EG.ELC.ACCS.ZS,,,,,,,,,,,,,,,,,,,,,,,,,,,,,,,,,,,,,,,,,,,,,,,,,,,,,
Germany,DEU,Access to electricity (% of population),EG.ELC.ACCS.ZS,,,,,,,,,,,,,,,,,,,,,,,,,,,,,,,,,,,,,,,,,,,,,,,,,,,,,
Ghana,GHA,Access to electricity (% of population),EG.ELC.ACCS.ZS,,,,,,,,,,,,,,,,,,,,,,,,,,,,,,,,,,,,,,,,,,,,,,,,,,6.05000000000000E+01,,,
Greece,GRC,Access to electricity (% of population),EG.ELC.ACCS.ZS,,,,,,,,,,,,,,,,,,,,,,,,,,,,,,,,,,,,,,,,,,,,,,,,,,,,,
Greenland,GRL,Access to electricity (% of population),EG.ELC.ACCS.ZS,,,,,,,,,,,,,,,,,,,,,,,,,,,,,,,,,,,,,,,,,,,,,,,,,,,,,
Grenada,GRD,Access to electricity (% of population),EG.ELC.ACCS.ZS,,,,,,,,,,,,,,,,,,,,,,,,,,,,,,,,,,,,,,,,,,,,,,,,,,,,,
Guam,GUM,Access to electricity (% of population),EG.ELC.ACCS.ZS,,,,,,,,,,,,,,,,,,,,,,,,,,,,,,,,,,,,,,,,,,,,,,,,,,,,,
Guatemala,GTM,Access to electricity (% of population),EG.ELC.ACCS.ZS,,,,,,,,,,,,,,,,,,,,,,,,,,,,,,,,,,,,,,,,,,,,,,,,,,8.05000000000000E+01,,,
Guinea,GIN,Access to electricity (% of population),EG.ELC.ACCS.ZS,,,,,,,,,,,,,,,,,,,,,,,,,,,,,,,,,,,,,,,,,,,,,,,,,,,,,
Guinea-Bissau,GNB,Access to electricity (% of population),EG.ELC.ACCS.ZS,,,,,,,,,,,,,,,,,,,,,,,,,,,,,,,,,,,,,,,,,,,,,,,,,,,,,
Guyana,GUY,Access to electricity (% of population),EG.ELC.ACCS.ZS,,,,,,,,,,,,,,,,,,,,,,,,,,,,,,,,,,,,,,,,,,,,,,,,,,,,,
Haiti,HTI,Access to electricity (% of population),EG.ELC.ACCS.ZS,,,,,,,,,,,,,,,,,,,,,,,,,,,,,,,,,,,,,,,,,,,,,,,,,,3.85000000000000E+01,,,
Heavily indebted poor countries (HIPC),HPC,Access to electricity (% of population),EG.ELC.ACCS.ZS,,,,,,,,,,,,,,,,,,,,,,,,,,,,,,,,,,,,,,,,,,,,,,,,,,2.46899345896105E+01,,,
High income,HIC,Access to electricity (% of population),EG.ELC.ACCS.ZS,,,,,,,,,,,,,,,,,,,,,,,,,,,,,,,,,,,,,,,,,,,,,,,,,,,,,
High income: nonOECD,NOC,Access to electricity (% of population),EG.ELC.ACCS.ZS,,,,,,,,,,,,,,,,,,,,,,,,,,,,,,,,,,,,,,,,,,,,,,,,,,9.91691598992554E+01,,,
High income: OECD,OEC,Access to electricity (% of population),EG.ELC.ACCS.ZS,,,,,,,,,,,,,,,,,,,,,,,,,,,,,,,,,,,,,,,,,,,,,,,,,,,,,
Honduras,HND,Access to electricity (% of population),EG.ELC.ACCS.ZS,,,,,,,,,,,,,,,,,,,,,,,,,,,,,,,,,,,,,,,,,,,,,,,,,,7.03000000000000E+01,,,
"Hong Kong SAR, China",HKG,Access to electricity (% of population),EG.ELC.ACCS.ZS,,,,,,,,,,,,,,,,,,,,,,,,,,,,,,,,,,,,,,,,,,,,,,,,,,,,,
Hungary,HUN,Access to electricity (% of population),EG.ELC.ACCS.ZS,,,,,,,,,,,,,,,,,,,,,,,,,,,,,,,,,,,,,,,,,,,,,,,,,,,,,
Iceland,ISL,Access to electricity (% of population),EG.ELC.ACCS.ZS,,,,,,,,,,,,,,,,,,,,,,,,,,,,,,,,,,,,,,,,,,,,,,,,,,,,,
India,IND,Access to electricity (% of population),EG.ELC.ACCS.ZS,,,,,,,,,,,,,,,,,,,,,,,,,,,,,,,,,,,,,,,,,,,,,,,,,,6.63000000000000E+01,,,
Indonesia,IDN,Access to electricity (% of population),EG.ELC.ACCS.ZS,,,,,,,,,,,,,,,,,,,,,,,,,,,,,,,,,,,,,,,,,,,,,,,,,,6.45000000000000E+01,,,
"Iran, Islamic Rep.",IRN,Access to electricity (% of population),EG.ELC.ACCS.ZS,,,,,,,,,,,,,,,,,,,,,,,,,,,,,,,,,,,,,,,,,,,,,,,,,,9.84000000000000E+01,,,
Iraq,IRQ,Access to electricity (% of population),EG.ELC.ACCS.ZS,,,,,,,,,,,,,,,,,,,,,,,,,,,,,,,,,,,,,,,,,,,,,,,,,,8.60000000000000E+01,,,
Ireland,IRL,Access to electricity (% of population),EG.ELC.ACCS.ZS,,,,,,,,,,,,,,,,,,,,,,,,,,,,,,,,,,,,,,,,,,,,,,,,,,,,,
Isle of Man,IMY,Access to electricity (% of population),EG.ELC.ACCS.ZS,,,,,,,,,,,,,,,,,,,,,,,,,,,,,,,,,,,,,,,,,,,,,,,,,,,,,
Israel,ISR,Access to electricity (% of population),EG.ELC.ACCS.ZS,,,,,,,,,,,,,,,,,,,,,,,,,,,,,,,,,,,,,,,,,,,,,,,,,,9.97000000000000E+01,,,
Italy,ITA,Access to electricity (% of population),EG.ELC.ACCS.ZS,,,,,,,,,,,,,,,,,,,,,,,,,,,,,,,,,,,,,,,,,,,,,,,,,,,,,
Jamaica,JAM,Access to electricity (% of population),EG.ELC.ACCS.ZS,,,,,,,,,,,,,,,,,,,,,,,,,,,,,,,,,,,,,,,,,,,,,,,,,,9.20000000000000E+01,,,
Japan,JPN,Access to electricity (% of population),EG.ELC.ACCS.ZS,,,,,,,,,,,,,,,,,,,,,,,,,,,,,,,,,,,,,,,,,,,,,,,,,,,,,
Jordan,JOR,Access to electricity (% of population),EG.ELC.ACCS.ZS,,,,,,,,,,,,,,,,,,,,,,,,,,,,,,,,,,,,,,,,,,,,,,,,,,9.99000000000000E+01,,,
Kazakhstan,KAZ,Access to electricity (% of population),EG.ELC.ACCS.ZS,,,,,,,,,,,,,,,,,,,,,,,,,,,,,,,,,,,,,,,,,,,,,,,,,,,,,
Kenya,KEN,Access to electricity (% of population),EG.ELC.ACCS.ZS,,,,,,,,,,,,,,,,,,,,,,,,,,,,,,,,,,,,,,,,,,,,,,,,,,1.61000000000000E+01,,,
Kiribati,KIR,Access to electricity (% of population),EG.ELC.ACCS.ZS,,,,,,,,,,,,,,,,,,,,,,,,,,,,,,,,,,,,,,,,,,,,,,,,,,,,,
"Korea, Dem. Rep.",PRK,Access to electricity (% of population),EG.ELC.ACCS.ZS,,,,,,,,,,,,,,,,,,,,,,,,,,,,,,,,,,,,,,,,,,,,,,,,,,2.60000000000000E+01,,,
"Korea, Rep.",KOR,Access to electricity (% of population),EG.ELC.ACCS.ZS,,,,,,,,,,,,,,,,,,,,,,,,,,,,,,,,,,,,,,,,,,,,,,,,,,,,,
Kosovo,KSV,Access to electricity (% of population),EG.ELC.ACCS.ZS,,,,,,,,,,,,,,,,,,,,,,,,,,,,,,,,,,,,,,,,,,,,,,,,,,,,,
Kuwait,KWT,Access to electricity (% of population),EG.ELC.ACCS.ZS,,,,,,,,,,,,,,,,,,,,,,,,,,,,,,,,,,,,,,,,,,,,,,,,,,1.00000000000000E+02,,,
Kyrgyz Republic,KGZ,Access to electricity (% of population),EG.ELC.ACCS.ZS,,,,,,,,,,,,,,,,,,,,,,,,,,,,,,,,,,,,,,,,,,,,,,,,,,,,,
Lao PDR,LAO,Access to electricity (% of population),EG.ELC.ACCS.ZS,,,,,,,,,,,,,,,,,,,,,,,,,,,,,,,,,,,,,,,,,,,,,,,,,,5.50000000000000E+01,,,
Latin America & Caribbean (all income levels),LCN,Access to electricity (% of population),EG.ELC.ACCS.ZS,,,,,,,,,,,,,,,,,,,,,,,,,,,,,,,,,,,,,,,,,,,,,,,,,,9.34325521041216E+01,,,
Latin America & Caribbean (developing only),LAC,Access to electricity (% of population),EG.ELC.ACCS.ZS,,,,,,,,,,,,,,,,,,,,,,,,,,,,,,,,,,,,,,,,,,,,,,,,,,9.34164416785747E+01,,,
Latvia,LVA,Access to electricity (% of population),EG.ELC.ACCS.ZS,,,,,,,,,,,,,,,,,,,,,,,,,,,,,,,,,,,,,,,,,,,,,,,,,,,,,
Least developed countries: UN classification,LDC,Access to electricity (% of population),EG.ELC.ACCS.ZS,,,,,,,,,,,,,,,,,,,,,,,,,,,,,,,,,,,,,,,,,,,,,,,,,,2.46918803999383E+01,,,
Lebanon,LBN,Access to electricity (% of population),EG.ELC.ACCS.ZS,,,,,,,,,,,,,,,,,,,,,,,,,,,,,,,,,,,,,,,,,,,,,,,,,,9.99000000000000E+01,,,
Lesotho,LSO,Access to electricity (% of population),EG.ELC.ACCS.ZS,,,,,,,,,,,,,,,,,,,,,,,,,,,,,,,,,,,,,,,,,,,,,,,,,,1.60000000000000E+01,,,
Liberia,LBR,Access to electricity (% of population),EG.ELC.ACCS.ZS,,,,,,,,,,,,,,,,,,,,,,,,,,,,,,,,,,,,,,,,,,,,,,,,,,,,,
Libya,LBY,Access to electricity (% of population),EG.ELC.ACCS.ZS,,,,,,,,,,,,,,,,,,,,,,,,,,,,,,,,,,,,,,,,,,,,,,,,,,9.98000000000000E+01,,,
Liechtenstein,LIE,Access to electricity (% of population),EG.ELC.ACCS.ZS,,,,,,,,,,,,,,,,,,,,,,,,,,,,,,,,,,,,,,,,,,,,,,,,,,,,,
Lithuania,LTU,Access to electricity (% of population),EG.ELC.ACCS.ZS,,,,,,,,,,,,,,,,,,,,,,,,,,,,,,,,,,,,,,,,,,,,,,,,,,,,,
Low & middle income,LMY,Access to electricity (% of population),EG.ELC.ACCS.ZS,,,,,,,,,,,,,,,,,,,,,,,,,,,,,,,,,,,,,,,,,,,,,,,,,,7.37275426000781E+01,,,
Low income,LIC,Access to electricity (% of population),EG.ELC.ACCS.ZS,,,,,,,,,,,,,,,,,,,,,,,,,,,,,,,,,,,,,,,,,,,,,,,,,,2.29932766548288E+01,,,
Lower middle income,LMC,Access to electricity (% of population),EG.ELC.ACCS.ZS,,,,,,,,,,,,,,,,,,,,,,,,,,,,,,,,,,,,,,,,,,,,,,,,,,6.77019455876830E+01,,,
Luxembourg,LUX,Access to electricity (% of population),EG.ELC.ACCS.ZS,,,,,,,,,,,,,,,,,,,,,,,,,,,,,,,,,,,,,,,,,,,,,,,,,,,,,
"Macao SAR, China",MAC,Access to electricity (% of population),EG.ELC.ACCS.ZS,,,,,,,,,,,,,,,,,,,,,,,,,,,,,,,,,,,,,,,,,,,,,,,,,,,,,
"Macedonia, FYR",MKD,Access to electricity (% of population),EG.ELC.ACCS.ZS,,,,,,,,,,,,,,,,,,,,,,,,,,,,,,,,,,,,,,,,,,,,,,,,,,,,,
Madagascar,MDG,Access to electricity (% of population),EG.ELC.ACCS.ZS,,,,,,,,,,,,,,,,,,,,,,,,,,,,,,,,,,,,,,,,,,,,,,,,,,1.90000000000000E+01,,,
Malawi,MWI,Access to electricity (% of population),EG.ELC.ACCS.ZS,,,,,,,,,,,,,,,,,,,,,,,,,,,,,,,,,,,,,,,,,,,,,,,,,,9.00000000000000E+00,,,
Malaysia,MYS,Access to electricity (% of population),EG.ELC.ACCS.ZS,,,,,,,,,,,,,,,,,,,,,,,,,,,,,,,,,,,,,,,,,,,,,,,,,,9.94000000000000E+01,,,
Maldives,MDV,Access to electricity (% of population),EG.ELC.ACCS.ZS,,,,,,,,,,,,,,,,,,,,,,,,,,,,,,,,,,,,,,,,,,,,,,,,,,,,,
Mali,MLI,Access to electricity (% of population),EG.ELC.ACCS.ZS,,,,,,,,,,,,,,,,,,,,,,,,,,,,,,,,,,,,,,,,,,,,,,,,,,,,,
Malta,MLT,Access to electricity (% of population),EG.ELC.ACCS.ZS,,,,,,,,,,,,,,,,,,,,,,,,,,,,,,,,,,,,,,,,,,,,,,,,,,,,,
Marshall Islands,MHL,Access to electricity (% of population),EG.ELC.ACCS.ZS,,,,,,,,,,,,,,,,,,,,,,,,,,,,,,,,,,,,,,,,,,,,,,,,,,,,,
Mauritania,MRT,Access to electricity (% of population),EG.ELC.ACCS.ZS,,,,,,,,,,,,,,,,,,,,,,,,,,,,,,,,,,,,,,,,,,,,,,,,,,,,,
Mauritius,MUS,Access to electricity (% of population),EG.ELC.ACCS.ZS,,,,,,,,,,,,,,,,,,,,,,,,,,,,,,,,,,,,,,,,,,,,,,,,,,9.94000000000000E+01,,,
Mexico,MEX,Access to electricity (% of population),EG.ELC.ACCS.ZS,,,,,,,,,,,,,,,,,,,,,,,,,,,,,,,,,,,,,,,,,,,,,,,,,,,,,
"Micronesia, Fed. Sts.",FSM,Access to electricity (% of population),EG.ELC.ACCS.ZS,,,,,,,,,,,,,,,,,,,,,,,,,,,,,,,,,,,,,,,,,,,,,,,,,,,,,
Middle East & North Africa (all income levels),MEA,Access to electricity (% of population),EG.ELC.ACCS.ZS,,,,,,,,,,,,,,,,,,,,,,,,,,,,,,,,,,,,,,,,,,,,,,,,,,9.37752390185390E+01,,,
Middle East & North Africa (developing only),MNA,Access to electricity (% of population),EG.ELC.ACCS.ZS,,,,,,,,,,,,,,,,,,,,,,,,,,,,,,,,,,,,,,,,,,,,,,,,,,9.29333806775454E+01,,,
Middle income,MIC,Access to electricity (% of population),EG.ELC.ACCS.ZS,,,,,,,,,,,,,,,,,,,,,,,,,,,,,,,,,,,,,,,,,,,,,,,,,,8.15092170306236E+01,,,
Moldova,MDA,Access to electricity (% of population),EG.ELC.ACCS.ZS,,,,,,,,,,,,,,,,,,,,,,,,,,,,,,,,,,,,,,,,,,,,,,,,,,,,,
Monaco,MCO,Access to electricity (% of population),EG.ELC.ACCS.ZS,,,,,,,,,,,,,,,,,,,,,,,,,,,,,,,,,,,,,,,,,,,,,,,,,,,,,
Mongolia,MNG,Access to electricity (% of population),EG.ELC.ACCS.ZS,,,,,,,,,,,,,,,,,,,,,,,,,,,,,,,,,,,,,,,,,,,,,,,,,,6.70000000000000E+01,,,
Montenegro,MNE,Access to electricity (% of population),EG.ELC.ACCS.ZS,,,,,,,,,,,,,,,,,,,,,,,,,,,,,,,,,,,,,,,,,,,,,,,,,,,,,
Morocco,MAR,Access to electricity (% of population),EG.ELC.ACCS.ZS,,,,,,,,,,,,,,,,,,,,,,,,,,,,,,,,,,,,,,,,,,,,,,,,,,9.70000000000000E+01,,,
Mozambique,MOZ,Access to electricity (% of population),EG.ELC.ACCS.ZS,,,,,,,,,,,,,,,,,,,,,,,,,,,,,,,,,,,,,,,,,,,,,,,,,,1.17000000000000E+01,,,
Myanmar,MMR,Access to electricity (% of population),EG.ELC.ACCS.ZS,,,,,,,,,,,,,,,,,,,,,,,,,,,,,,,,,,,,,,,,,,,,,,,,,,1.30000000000000E+01,,,
Namibia,NAM,Access to electricity (% of population),EG.ELC.ACCS.ZS,,,,,,,,,,,,,,,,,,,,,,,,,,,,,,,,,,,,,,,,,,,,,,,,,,3.40000000000000E+01,,,
Nepal,NPL,Access to electricity (% of population),EG.ELC.ACCS.ZS,,,,,,,,,,,,,,,,,,,,,,,,,,,,,,,,,,,,,,,,,,,,,,,,,,4.36000000000000E+01,,,
Netherlands,NLD,Access to electricity (% of population),EG.ELC.ACCS.ZS,,,,,,,,,,,,,,,,,,,,,,,,,,,,,,,,,,,,,,,,,,,,,,,,,,,,,
New Caledonia,NCL,Access to electricity (% of population),EG.ELC.ACCS.ZS,,,,,,,,,,,,,,,,,,,,,,,,,,,,,,,,,,,,,,,,,,,,,,,,,,,,,
New Zealand,NZL,Access to electricity (% of population),EG.ELC.ACCS.ZS,,,,,,,,,,,,,,,,,,,,,,,,,,,,,,,,,,,,,,,,,,,,,,,,,,,,,
Nicaragua,NIC,Access to electricity (% of population),EG.ELC.ACCS.ZS,,,,,,,,,,,,,,,,,,,,,,,,,,,,,,,,,,,,,,,,,,,,,,,,,,7.21000000000000E+01,,,
Niger,NER,Access to electricity (% of population),EG.ELC.ACCS.ZS,,,,,,,,,,,,,,,,,,,,,,,,,,,,,,,,,,,,,,,,,,,,,,,,,,,,,
Nigeria,NGA,Access to electricity (% of population),EG.ELC.ACCS.ZS,,,,,,,,,,,,,,,,,,,,,,,,,,,,,,,,,,,,,,,,,,,,,,,,,,5.06000000000000E+01,,,
North America,NAC,Access to electricity (% of population),EG.ELC.ACCS.ZS,,,,,,,,,,,,,,,,,,,,,,,,,,,,,,,,,,,,,,,,,,,,,,,,,,,,,
Northern Mariana Islands,MNP,Access to electricity (% of population),EG.ELC.ACCS.ZS,,,,,,,,,,,,,,,,,,,,,,,,,,,,,,,,,,,,,,,,,,,,,,,,,,,,,
Norway,NOR,Access to electricity (% of population),EG.ELC.ACCS.ZS,,,,,,,,,,,,,,,,,,,,,,,,,,,,,,,,,,,,,,,,,,,,,,,,,,,,,
Not classified,INX,Access to electricity (% of population),EG.ELC.ACCS.ZS,,,,,,,,,,,,,,,,,,,,,,,,,,,,,,,,,,,,,,,,,,,,,,,,,,,,,
OECD members,OED,Access to electricity (% of population),EG.ELC.ACCS.ZS,,,,,,,,,,,,,,,,,,,,,,,,,,,,,,,,,,,,,,,,,,,,,,,,,,,,,
Oman,OMN,Access to electricity (% of population),EG.ELC.ACCS.ZS,,,,,,,,,,,,,,,,,,,,,,,,,,,,,,,,,,,,,,,,,,,,,,,,,,9.80000000000000E+01,,,
Other small states,OSS,Access to electricity (% of population),EG.ELC.ACCS.ZS,,,,,,,,,,,,,,,,,,,,,,,,,,,,,,,,,,,,,,,,,,,,,,,,,,,,,
Pacific island small states,PSS,Access to electricity (% of population),EG.ELC.ACCS.ZS,,,,,,,,,,,,,,,,,,,,,,,,,,,,,,,,,,,,,,,,,,,,,,,,,,,,,
Pakistan,PAK,Access to electricity (% of population),EG.ELC.ACCS.ZS,,,,,,,,,,,,,,,,,,,,,,,,,,,,,,,,,,,,,,,,,,,,,,,,,,6.24000000000000E+01,,,
Palau,PLW,Access to electricity (% of population),EG.ELC.ACCS.ZS,,,,,,,,,,,,,,,,,,,,,,,,,,,,,,,,,,,,,,,,,,,,,,,,,,,,,
Panama,PAN,Access to electricity (% of population),EG.ELC.ACCS.ZS,,,,,,,,,,,,,,,,,,,,,,,,,,,,,,,,,,,,,,,,,,,,,,,,,,8.81000000000000E+01,,,
Papua New Guinea,PNG,Access to electricity (% of population),EG.ELC.ACCS.ZS,,,,,,,,,,,,,,,,,,,,,,,,,,,,,,,,,,,,,,,,,,,,,,,,,,,,,
Paraguay,PRY,Access to electricity (% of population),EG.ELC.ACCS.ZS,,,,,,,,,,,,,,,,,,,,,,,,,,,,,,,,,,,,,,,,,,,,,,,,,,9.67000000000000E+01,,,
Peru,PER,Access to electricity (% of population),EG.ELC.ACCS.ZS,,,,,,,,,,,,,,,,,,,,,,,,,,,,,,,,,,,,,,,,,,,,,,,,,,8.57000000000000E+01,,,
Philippines,PHL,Access to electricity (% of population),EG.ELC.ACCS.ZS,,,,,,,,,,,,,,,,,,,,,,,,,,,,,,,,,,,,,,,,,,,,,,,,,,8.97000000000000E+01,,,
Poland,POL,Access to electricity (% of population),EG.ELC.ACCS.ZS,,,,,,,,,,,,,,,,,,,,,,,,,,,,,,,,,,,,,,,,,,,,,,,,,,,,,
Portugal,PRT,Access to electricity (% of population),EG.ELC.ACCS.ZS,,,,,,,,,,,,,,,,,,,,,,,,,,,,,,,,,,,,,,,,,,,,,,,,,,,,,
Puerto Rico,PRI,Access to electricity (% of population),EG.ELC.ACCS.ZS,,,,,,,,,,,,,,,,,,,,,,,,,,,,,,,,,,,,,,,,,,,,,,,,,,,,,
Qatar,QAT,Access to electricity (% of population),EG.ELC.ACCS.ZS,,,,,,,,,,,,,,,,,,,,,,,,,,,,,,,,,,,,,,,,,,,,,,,,,,9.87000000000000E+01,,,
Romania,ROM,Access to electricity (% of population),EG.ELC.ACCS.ZS,,,,,,,,,,,,,,,,,,,,,,,,,,,,,,,,,,,,,,,,,,,,,,,,,,,,,
Russian Federation,RUS,Access to electricity (% of population),EG.ELC.ACCS.ZS,,,,,,,,,,,,,,,,,,,,,,,,,,,,,,,,,,,,,,,,,,,,,,,,,,,,,
Rwanda,RWA,Access to electricity (% of population),EG.ELC.ACCS.ZS,,,,,,,,,,,,,,,,,,,,,,,,,,,,,,,,,,,,,,,,,,,,,,,,,,,,,
Samoa,WSM,Access to electricity (% of population),EG.ELC.ACCS.ZS,,,,,,,,,,,,,,,,,,,,,,,,,,,,,,,,,,,,,,,,,,,,,,,,,,,,,
San Marino,SMR,Access to electricity (% of population),EG.ELC.ACCS.ZS,,,,,,,,,,,,,,,,,,,,,,,,,,,,,,,,,,,,,,,,,,,,,,,,,,,,,
Sao Tome and Principe,STP,Access to electricity (% of population),EG.ELC.ACCS.ZS,,,,,,,,,,,,,,,,,,,,,,,,,,,,,,,,,,,,,,,,,,,,,,,,,,,,,
Saudi Arabia,SAU,Access to electricity (% of population),EG.ELC.ACCS.ZS,,,,,,,,,,,,,,,,,,,,,,,,,,,,,,,,,,,,,,,,,,,,,,,,,,9.90000000000000E+01,,,
Senegal,SEN,Access to electricity (% of population),EG.ELC.ACCS.ZS,,,,,,,,,,,,,,,,,,,,,,,,,,,,,,,,,,,,,,,,,,,,,,,,,,4.20000000000000E+01,,,
Serbia,SRB,Access to electricity (% of population),EG.ELC.ACCS.ZS,,,,,,,,,,,,,,,,,,,,,,,,,,,,,,,,,,,,,,,,,,,,,,,,,,,,,
Seychelles,SYC,Access to electricity (% of population),EG.ELC.ACCS.ZS,,,,,,,,,,,,,,,,,,,,,,,,,,,,,,,,,,,,,,,,,,,,,,,,,,,,,
Sierra Leone,SLE,Access to electricity (% of population),EG.ELC.ACCS.ZS,,,,,,,,,,,,,,,,,,,,,,,,,,,,,,,,,,,,,,,,,,,,,,,,,,,,,
Singapore,SGP,Access to electricity (% of population),EG.ELC.ACCS.ZS,,,,,,,,,,,,,,,,,,,,,,,,,,,,,,,,,,,,,,,,,,,,,,,,,,1.00000000000000E+02,,,
Sint Maarten (Dutch part),SXM,Access to electricity (% of population),EG.ELC.ACCS.ZS,,,,,,,,,,,,,,,,,,,,,,,,,,,,,,,,,,,,,,,,,,,,,,,,,,,,,
Slovak Republic,SVK,Access to electricity (% of population),EG.ELC.ACCS.ZS,,,,,,,,,,,,,,,,,,,,,,,,,,,,,,,,,,,,,,,,,,,,,,,,,,,,,
Slovenia,SVN,Access to electricity (% of population),EG.ELC.ACCS.ZS,,,,,,,,,,,,,,,,,,,,,,,,,,,,,,,,,,,,,,,,,,,,,,,,,,,,,
Small states,SST,Access to electricity (% of population),EG.ELC.ACCS.ZS,,,,,,,,,,,,,,,,,,,,,,,,,,,,,,,,,,,,,,,,,,,,,,,,,,,,,
Solomon Islands,SLB,Access to electricity (% of population),EG.ELC.ACCS.ZS,,,,,,,,,,,,,,,,,,,,,,,,,,,,,,,,,,,,,,,,,,,,,,,,,,,,,
Somalia,SOM,Access to electricity (% of population),EG.ELC.ACCS.ZS,,,,,,,,,,,,,,,,,,,,,,,,,,,,,,,,,,,,,,,,,,,,,,,,,,,,,
South Africa,ZAF,Access to electricity (% of population),EG.ELC.ACCS.ZS,,,,,,,,,,,,,,,,,,,,,,,,,,,,,,,,,,,,,,,,,,,,,,,,,,7.50000000000000E+01,,,
South Asia,SAS,Access to electricity (% of population),EG.ELC.ACCS.ZS,,,,,,,,,,,,,,,,,,,,,,,,,,,,,,,,,,,,,,,,,,,,,,,,,,6.22358080458778E+01,,,
South Sudan,SSD,Access to electricity (% of population),EG.ELC.ACCS.ZS,,,,,,,,,,,,,,,,,,,,,,,,,,,,,,,,,,,,,,,,,,,,,,,,,,,,,
Spain,ESP,Access to electricity (% of population),EG.ELC.ACCS.ZS,,,,,,,,,,,,,,,,,,,,,,,,,,,,,,,,,,,,,,,,,,,,,,,,,,,,,
Sri Lanka,LKA,Access to electricity (% of population),EG.ELC.ACCS.ZS,,,,,,,,,,,,,,,,,,,,,,,,,,,,,,,,,,,,,,,,,,,,,,,,,,7.66000000000000E+01,,,
St. Kitts and Nevis,KNA,Access to electricity (% of population),EG.ELC.ACCS.ZS,,,,,,,,,,,,,,,,,,,,,,,,,,,,,,,,,,,,,,,,,,,,,,,,,,,,,
St. Lucia,LCA,Access to electricity (% of population),EG.ELC.ACCS.ZS,,,,,,,,,,,,,,,,,,,,,,,,,,,,,,,,,,,,,,,,,,,,,,,,,,,,,
St. Martin (French part),MAF,Access to electricity (% of population),EG.ELC.ACCS.ZS,,,,,,,,,,,,,,,,,,,,,,,,,,,,,,,,,,,,,,,,,,,,,,,,,,,,,
St. Vincent and the Grenadines,VCT,Access to electricity (% of population),EG.ELC.ACCS.ZS,,,,,,,,,,,,,,,,,,,,,,,,,,,,,,,,,,,,,,,,,,,,,,,,,,,,,
Sub-Saharan Africa (all income levels),SSF,Access to electricity (% of population),EG.ELC.ACCS.ZS,,,,,,,,,,,,,,,,,,,,,,,,,,,,,,,,,,,,,,,,,,,,,,,,,,3.24206632066245E+01,,,
Sub-Saharan Africa (developing only),SSA,Access to electricity (% of population),EG.ELC.ACCS.ZS,,,,,,,,,,,,,,,,,,,,,,,,,,,,,,,,,,,,,,,,,,,,,,,,,,3.24206632066245E+01,,,
Sudan,SDN,Access to electricity (% of population),EG.ELC.ACCS.ZS,,,,,,,,,,,,,,,,,,,,,,,,,,,,,,,,,,,,,,,,,,,,,,,,,,3.59000000000000E+01,,,
Suriname,SUR,Access to electricity (% of population),EG.ELC.ACCS.ZS,,,,,,,,,,,,,,,,,,,,,,,,,,,,,,,,,,,,,,,,,,,,,,,,,,,,,
Swaziland,SWZ,Access to electricity (% of population),EG.ELC.ACCS.ZS,,,,,,,,,,,,,,,,,,,,,,,,,,,,,,,,,,,,,,,,,,,,,,,,,,,,,
Sweden,SWE,Access to electricity (% of population),EG.ELC.ACCS.ZS,,,,,,,,,,,,,,,,,,,,,,,,,,,,,,,,,,,,,,,,,,,,,,,,,,,,,
Switzerland,CHE,Access to electricity (% of population),EG.ELC.ACCS.ZS,,,,,,,,,,,,,,,,,,,,,,,,,,,,,,,,,,,,,,,,,,,,,,,,,,,,,
Syrian Arab Republic,SYR,Access to electricity (% of population),EG.ELC.ACCS.ZS,,,,,,,,,,,,,,,,,,,,,,,,,,,,,,,,,,,,,,,,,,,,,,,,,,9.27000000000000E+01,,,
Tajikistan,TJK,Access to electricity (% of population),EG.ELC.ACCS.ZS,,,,,,,,,,,,,,,,,,,,,,,,,,,,,,,,,,,,,,,,,,,,,,,,,,,,,
Tanzania,TZA,Access to electricity (% of population),EG.ELC.ACCS.ZS,,,,,,,,,,,,,,,,,,,,,,,,,,,,,,,,,,,,,,,,,,,,,,,,,,1.39000000000000E+01,,,
Thailand,THA,Access to electricity (% of population),EG.ELC.ACCS.ZS,,,,,,,,,,,,,,,,,,,,,,,,,,,,,,,,,,,,,,,,,,,,,,,,,,9.93000000000000E+01,,,
Timor-Leste,TMP,Access to electricity (% of population),EG.ELC.ACCS.ZS,,,,,,,,,,,,,,,,,,,,,,,,,,,,,,,,,,,,,,,,,,,,,,,,,,2.20000000000000E+01,,,
Togo,TGO,Access to electricity (% of population),EG.ELC.ACCS.ZS,,,,,,,,,,,,,,,,,,,,,,,,,,,,,,,,,,,,,,,,,,,,,,,,,,2.00000000000000E+01,,,
Tonga,TON,Access to electricity (% of population),EG.ELC.ACCS.ZS,,,,,,,,,,,,,,,,,,,,,,,,,,,,,,,,,,,,,,,,,,,,,,,,,,,,,
Trinidad and Tobago,TTO,Access to electricity (% of population),EG.ELC.ACCS.ZS,,,,,,,,,,,,,,,,,,,,,,,,,,,,,,,,,,,,,,,,,,,,,,,,,,9.90000000000000E+01,,,
Tunisia,TUN,Access to electricity (% of population),EG.ELC.ACCS.ZS,,,,,,,,,,,,,,,,,,,,,,,,,,,,,,,,,,,,,,,,,,,,,,,,,,9.95000000000000E+01,,,
Turkey,TUR,Access to electricity (% of population),EG.ELC.ACCS.ZS,,,,,,,,,,,,,,,,,,,,,,,,,,,,,,,,,,,,,,,,,,,,,,,,,,,,,
Turkmenistan,TKM,Access to electricity (% of population),EG.ELC.ACCS.ZS,,,,,,,,,,,,,,,,,,,,,,,,,,,,,,,,,,,,,,,,,,,,,,,,,,,,,
Turks and Caicos Islands,TCA,Access to electricity (% of population),EG.ELC.ACCS.ZS,,,,,,,,,,,,,,,,,,,,,,,,,,,,,,,,,,,,,,,,,,,,,,,,,,,,,
Tuvalu,TUV,Access to electricity (% of population),EG.ELC.ACCS.ZS,,,,,,,,,,,,,,,,,,,,,,,,,,,,,,,,,,,,,,,,,,,,,,,,,,,,,
Uganda,UGA,Access to electricity (% of population),EG.ELC.ACCS.ZS,,,,,,,,,,,,,,,,,,,,,,,,,,,,,,,,,,,,,,,,,,,,,,,,,,9.00000000000000E+00,,,
Ukraine,UKR,Access to electricity (% of population),EG.ELC.ACCS.ZS,,,,,,,,,,,,,,,,,,,,,,,,,,,,,,,,,,,,,,,,,,,,,,,,,,,,,
United Arab Emirates,ARE,Access to electricity (% of population),EG.ELC.ACCS.ZS,,,,,,,,,,,,,,,,,,,,,,,,,,,,,,,,,,,,,,,,,,,,,,,,,,1.00000000000000E+02,,,
United Kingdom,GBR,Access to electricity (% of population),EG.ELC.ACCS.ZS,,,,,,,,,,,,,,,,,,,,,,,,,,,,,,,,,,,,,,,,,,,,,,,,,,,,,
United States,USA,Access to electricity (% of population),EG.ELC.ACCS.ZS,,,,,,,,,,,,,,,,,,,,,,,,,,,,,,,,,,,,,,,,,,,,,,,,,,,,,
Upper middle income,UMC,Access to electricity (% of population),EG.ELC.ACCS.ZS,,,,,,,,,,,,,,,,,,,,,,,,,,,,,,,,,,,,,,,,,,,,,,,,,,9.73432987539719E+01,,,
Uruguay,URY,Access to electricity (% of population),EG.ELC.ACCS.ZS,,,,,,,,,,,,,,,,,,,,,,,,,,,,,,,,,,,,,,,,,,,,,,,,,,9.83000000000000E+01,,,
Uzbekistan,UZB,Access to electricity (% of population),EG.ELC.ACCS.ZS,,,,,,,,,,,,,,,,,,,,,,,,,,,,,,,,,,,,,,,,,,,,,,,,,,,,,
Vanuatu,VUT,Access to electricity (% of population),EG.ELC.ACCS.ZS,,,,,,,,,,,,,,,,,,,,,,,,,,,,,,,,,,,,,,,,,,,,,,,,,,,,,
"Venezuela, RB",VEN,Access to electricity (% of population),EG.ELC.ACCS.ZS,,,,,,,,,,,,,,,,,,,,,,,,,,,,,,,,,,,,,,,,,,,,,,,,,,9.90000000000000E+01,,,
Vietnam,VNM,Access to electricity (% of population),EG.ELC.ACCS.ZS,,,,,,,,,,,,,,,,,,,,,,,,,,,,,,,,,,,,,,,,,,,,,,,,,,9.76000000000000E+01,,,
Virgin Islands (U.S.),VIR,Access to electricity (% of population),EG.ELC.ACCS.ZS,,,,,,,,,,,,,,,,,,,,,,,,,,,,,,,,,,,,,,,,,,,,,,,,,,,,,
West Bank and Gaza,WBG,Access to electricity (% of population),EG.ELC.ACCS.ZS,,,,,,,,,,,,,,,,,,,,,,,,,,,,,,,,,,,,,,,,,,,,,,,,,,,,,
World,WLD,Access to electricity (% of population),EG.ELC.ACCS.ZS,,,,,,,,,,,,,,,,,,,,,,,,,,,,,,,,,,,,,,,,,,,,,,,,,,7.41207925791559E+01,,,
"Yemen, Rep.",YEM,Access to electricity (% of population),EG.ELC.ACCS.ZS,,,,,,,,,,,,,,,,,,,,,,,,,,,,,,,,,,,,,,,,,,,,,,,,,,3.96000000000000E+01,,,
Zambia,ZMB,Access to electricity (% of population),EG.ELC.ACCS.ZS,,,,,,,,,,,,,,,,,,,,,,,,,,,,,,,,,,,,,,,,,,,,,,,,,,1.88000000000000E+01,,,
Zimbabwe,ZWE,Access to electricity (% of population),EG.ELC.ACCS.ZS,,,,,,,,,,,,,,,,,,,,,,,,,,,,,,,,,,,,,,,,,,,,,,,,,,4.15000000000000E+01,,,
